{"cameraMode":{"drawMode":0,"name":"Shaded","section":"Shading Mode"},"sceneLighting":false,"audioPlay":false,"sceneViewState":{"showFog":false,"showMaterialUpdate":false,"showSkybox":false,"showFlares":false,"showImageEffects":false,"showParticleSystems":false},"in2DMode":false,"pivot":{"x":6.646308898925781,"y":0.396541029214859,"z":-1.8663139343261719},"rotation":{"x":0.0656917616724968,"y":-0.5095502138137817,"z":0.03905688598752022,"w":0.8570427894592285},"size":5.176920413970947,"orthographic":true}