{"cameraMode":{"drawMode":0,"name":"Shaded","section":"Shading Mode"},"sceneLighting":true,"audioPlay":false,"sceneViewState":{"showFog":false,"showMaterialUpdate":false,"showSkybox":false,"showFlares":false,"showImageEffects":false,"showParticleSystems":false},"in2DMode":false,"pivot":{"x":4.567635536193848,"y":1.632847547531128,"z":37.94773483276367},"rotation":{"x":0.05589704588055611,"y":0.9439951777458191,"z":-0.22233407199382783,"w":0.23732434213161469},"size":10.0,"orthographic":false}