{"cameraMode":{"drawMode":0,"name":"Shaded","section":"Shading Mode"},"sceneLighting":true,"audioPlay":false,"sceneViewState":{"showFog":true,"showMaterialUpdate":false,"showSkybox":true,"showFlares":true,"showImageEffects":true,"showParticleSystems":true},"in2DMode":false,"pivot":{"x":-161.39686584472657,"y":-0.8464753031730652,"z":70.0024185180664},"rotation":{"x":0.058581963181495669,"y":0.5016529560089111,"z":-0.034057583659887317,"w":0.8624768853187561},"size":0.9673271179199219,"orthographic":false}